java,javascript,matlab,typescript,python
Java,JavaScript,MATLAB,TypeScript,Python
Java,Array data structure,Hindi,JavaScript,List
Minecraft,String,Meaning,React,String
String,HTML,Plot,Data type,Computer file
Array data structure,Object,Function,Array data structure,Data
Minecraft,Function,Matrix,Object,Function
Class,Java,Array data structure,String,Associative array
Computer file,CSS,Computer file,Angular,Array data structure
List,Subroutine,Python,Node.js,pandas
Computer program,React,Vector,Subroutine,Installation
Method,Computer file,Urdu,Interface,Pythons
JavaScript,jQuery,Simulink,Computer file,Variable
Object,Data,String,Class,Object
Spring Framework,JSON,Equation,Function,Column
Integer,Calendar date,Variable,npm,Computer programming
Java class file,Variable,Hue,JSON,Class
Compiler,Input,Paisa,Import,JSON
Microsoft Windows,Node.js,Paisa,Enumerated type,NumPy
Android,Class,NA,Variable,Application programming interface
Java Development Kit,Application programming interface,NA,Vue.js,Computer program
Computer programming,PHP,NA,Application programming interface,Directory
Variable,TypeScript,NA,Visual Studio Code,For loop
Server,Uniform Resource Locator,NA,HTML,Comma-separated values
Character,Python,NA,Associative array,Data type
Python,Event,NA,GitHub,Subroutine
W3Schools,Compiler,NA,Tailwind CSS,Colab
Java compiler,CodePen,NA,Next.js,W3Schools
Visual Studio Code,Summation,NA,Query language,Compiler
Compiler,Axios,NA,env,Visual Studio Code
Prime number,NA,NA,Axios,NA
Polymorphism,NA,NA,Project,NA
Method overriding,NA,NA,NA,NA
Function overloading,NA,NA,NA,NA
Inheritance,NA,NA,NA,NA
Encapsulation,NA,NA,NA,NA
Summation,NA,NA,NA,NA
